Product,Pricing,Ratings
Apple iPhone 7 (Black| 32 GB),Rs.27999,4.583
Apple iPhone 7 Plus (Black| 32 GB),Rs.34999,4.522
Apple iPhone XS (Gold| 64 GB),Rs.59999,4.77
Apple iPhone 11 (White| 64 GB),Rs.64900,4.79
Apple iPhone 11 (Purple| 64 GB),Rs.64900,4.79
Apple iPhone 11 (Green| 64 GB),Rs.64900,4.79
Apple iPhone 8 (Space Grey| 64 GB),Rs.36999,4.59
Apple iPhone XS (Space Grey| 64 GB),Rs.59999,4.77
Apple iPhone 11 (Black| 64 GB),Rs.64900,4.79
Apple iPhone 11 (Black| 128 GB),Rs.69900,4.79
Apple iPhone 7 Plus (Gold| 32 GB),Rs.34999,4.522
Apple iPhone XS (Silver| 64 GB),Rs.59999,4.77
Apple iPhone 7 Plus (Rose Gold| 32 GB),Rs.34999,4.522
Apple iPhone 11 (Red| 128 GB),Rs.69900,4.79
Apple iPhone XR (White| 64 GB),Rs.49900,4.68
Apple iPhone 8 (Silver| 64 GB),Rs.36999,4.59
Apple iPhone 6s (Silver| 32 GB),Rs.24999,4.590
Apple iPhone XR (Black| 128 GB),Rs.54900,4.68
Apple iPhone 6s (Space Grey| 32 GB),Rs.23999,4.590
Apple iPhone XR (Blue| 64 GB),Rs.49900,4.68
Apple iPhone XR (White| 128 GB),Rs.54900,4.68
Apple iPhone 7 (Gold| 32 GB),Rs.29900,4.583
Apple iPhone XR (Blue| 128 GB),Rs.54900,4.68
Apple iPhone XR (Black| 64 GB),Rs.49900,4.68
